Workbook

Sheet Cleaned Data + Formulas
A1: ✓ CLEANED DATA WITH CALCULATION FORMULAS
A3: Farm_ID | B3: Crop_Type | C3: Farm_Area(acres) | D3: Irrigation_Type | E3: Fertilizer_Used(tons) | F3: Pesticide_Used(kg) | G3: Yield(tons) | H3: Soil_Type | I3: Season | J3: Water_Usage(cubic meters) | K3: Fertilizer_per_Acre | L3: Yield_per_Acre | M3: Water_per_Ton_Yield | N3: Efficiency_Score
A4: F001 | B4: Cotton | C4: 329.4 | D4: Sprinkler | E4: 8.14 | F4: 2.21 | G4: 14.44 | H4: Loamy | I4: Kharif | J4: 76648.2 | K4: =E4/C4 | L4: =G4/C4 | M4: =IF(G4=0,0,J4/G4) | N4: =IF(E4=0,0,ROUND((G4/E4)*10,2))
A5: F002 | B5: Carrot | C5: 18.67 | D5: Manual | E5: 4.77 | F5: 4.36 | G5: 42.91 | H5: Peaty | I5: Kharif | J5: 68725.54 | K5: =E5/C5 | L5: =G5/C5 | M5: =IF(G5=0,0,J5/G5) | N5: =IF(E5=0,0,ROUND((G5/E5)*10,2))
A6: F003 | B6: Sugarcane | C6: 306.03 | D6: Flood | E6: 2.91 | F6: 0.56 | G6: 33.44 | H6: Silty | I6: Kharif | J6: 75538.56 | K6: =E6/C6 | L6: =G6/C6 | M6: =IF(G6=0,0,J6/G6) | N6: =IF(E6=0,0,ROUND((G6/E6)*10,2))
A7: F004 | B7: Tomato | C7: 380.21 | D7: Rain-fed | E7: 3.32 | F7: 4.35 | G7: 34.08 | H7: Silty | I7: Zaid | J7: 45401.23 | K7: =E7/C7 | L7: =G7/C7 | M7: =IF(G7=0,0,J7/G7) | N7: =IF(E7=0,0,ROUND((G7/E7)*10,2))
A8: F005 | B8: Tomato | C8: 135.56 | D8: Sprinkler | E8: 8.33 | F8: 4.48 | G8: 43.28 | H8: Clay | I8: Zaid | J8: 93718.69 | K8: =E8/C8 | L8: =G8/C8 | M8: =IF(G8=0,0,J8/G8) | N8: =IF(E8=0,0,ROUND((G8/E8)*10,2))
A9: F006 | B9: Sugarcane | C9: 12.5 | D9: Sprinkler | E9: 6.42 | F9: 2.25 | G9: 38.18 | H9: Loamy | I9: Zaid | J9: 46487.98 | K9: =E9/C9 | L9: =G9/C9 | M9: =IF(G9=0,0,J9/G9) | N9: =IF(E9=0,0,ROUND((G9/E9)*10,2))
A10: F007 | B10: Soybean | C10: 360.06 | D10: Drip | E10: 1.83 | F10: 2.37 | G10: 44.93 | H10: Sandy | I10: Rabi | J10: 40583.57 | K10: =E10/C10 | L10: =G10/C10 | M10: =IF(G10=0,0,J10/G10) | N10: =IF(E10=0,0,ROUND((G10/E10)*10,2))
A11: F008 | B11: Rice | C11: 464.6 | D11: Drip | E11: 5.18 | F11: 0.91 | G11: 4.23 | H11: Silty | I11: Kharif | J11: 9392.38 | K11: =E11/C11 | L11: =G11/C11 | M11: =IF(G11=0,0,J11/G11) | N11: =IF(E11=0,0,ROUND((G11/E11)*10,2))
A12: F009 | B12: Maize | C12: 389.37 | D12: Drip | E12: 0.57 | F12: 4.93 | G12: 3.86 | H12: Peaty | I12: Rabi | J12: 60202.14 | K12: =E12/C12 | L12: =G12/C12 | M12: =IF(G12=0,0,J12/G12) | N12: =IF(E12=0,0,ROUND((G12/E12)*10,2))
A13: F010 | B13: Soybean | C13: 184.37 | D13: Drip | E13: 2.18 | F13: 2.67 | G13: 17.25 | H13: Sandy | I13: Kharif | J13: 90922.15 | K13: =E13/C13 | L13: =G13/C13 | M13: =IF(G13=0,0,J13/G13) | N13: =IF(E13=0,0,ROUND((G13/E13)*10,2))
A14: F011 | B14: Rice | C14: 279.95 | D14: Drip | E14: 8.02 | F14: 1.24 | G14: 32.85 | H14: Clay | I14: Zaid | J14: 5869.75 | K14: =E14/C14 | L14: =G14/C14 | M14: =IF(G14=0,0,J14/G14) | N14: =IF(E14=0,0,ROUND((G14/E14)*10,2))
A15: F012 | B15: Sugarcane | C15: 145.32 | D15: Flood | E15: 3.01 | F15: 2.27 | G15: 8.08 | H15: Clay | I15: Kharif | J15: 88976.51 | K15: =E15/C15 | L15: =G15/C15 | M15: =IF(G15=0,0,J15/G15) | N15: =IF(E15=0,0,ROUND((G15/E15)*10,2))
... A53: F050 | B53: Tomato | C53: 292.25 | D53: Rain-fed | E53: 4.08 | F53: 0.76 | G53: 45.14 | H53: Silty | I53: Kharif | J53: 90232.08 | K53: =E53/C53 | L53: =G53/C53 | M53: =IF(G53=0,0,J53/G53) | N53: =IF(E53=0,0,ROUND((G53/E53)*10,2))

Sheet Pivot - Yield by Crop×Season
A1: 📊 PIVOT TABLE: AVERAGE YIELD (tons) BY CROP TYPE & SEASON
A3: Crop_Type | B3: Kharif | C3: Rabi | D3: Zaid | E3: Total_Avg
A4: Barley | B4: =AVERAGEIFS('Cleaned Data + Formulas'!$G:$G,'Cleaned Data + Formulas'!$B:$B,A4,'Cleaned Data + Formulas'!$I:$I,B$3) | C4: =AVERAGEIFS('Cleaned Data + Formulas'!$G:$G,'Cleaned Data + Formulas'!$B:$B,A4,'Cleaned Data + Formulas'!$I:$I,C$3) | D4: =AVERAGEIFS('Cleaned Data + Formulas'!$G:$G,'Cleaned Data + Formulas'!$B:$B,A4,'Cleaned Data + Formulas'!$I:$I,D$3) | E4: =AVERAGEIFS('Cleaned Data + Formulas'!$G:$G,'Cleaned Data + Formulas'!$B:$B,A4,'Cleaned Data + Formulas'!$I:$I,E$3)
A5: Carrot | B5: =AVERAGEIFS('Cleaned Data + Formulas'!$G:$G,'Cleaned Data + Formulas'!$B:$B,A5,'Cleaned Data + Formulas'!$I:$I,B$3) | C5: =AVERAGEIFS('Cleaned Data + Formulas'!$G:$G,'Cleaned Data + Formulas'!$B:$B,A5,'Cleaned Data + Formulas'!$I:$I,C$3) | D5: =AVERAGEIFS('Cleaned Data + Formulas'!$G:$G,'Cleaned Data + Formulas'!$B:$B,A5,'Cleaned Data + Formulas'!$I:$I,D$3) | E5: =AVERAGEIFS('Cleaned Data + Formulas'!$G:$G,'Cleaned Data + Formulas'!$B:$B,A5,'Cleaned Data + Formulas'!$I:$I,E$3)
A6: Cotton | B6: =AVERAGEIFS('Cleaned Data + Formulas'!$G:$G,'Cleaned Data + Formulas'!$B:$B,A6,'Cleaned Data + Formulas'!$I:$I,B$3) | C6: =AVERAGEIFS('Cleaned Data + Formulas'!$G:$G,'Cleaned Data + Formulas'!$B:$B,A6,'Cleaned Data + Formulas'!$I:$I,C$3) | D6: =AVERAGEIFS('Cleaned Data + Formulas'!$G:$G,'Cleaned Data + Formulas'!$B:$B,A6,'Cleaned Data + Formulas'!$I:$I,D$3) | E6: =AVERAGEIFS('Cleaned Data + Formulas'!$G:$G,'Cleaned Data + Formulas'!$B:$B,A6,'Cleaned Data + Formulas'!$I:$I,E$3)
A7: Maize | B7: =AVERAGEIFS('Cleaned Data + Formulas'!$G:$G,'Cleaned Data + Formulas'!$B:$B,A7,'Cleaned Data + Formulas'!$I:$I,B$3) | C7: =AVERAGEIFS('Cleaned Data + Formulas'!$G:$G,'Cleaned Data + Formulas'!$B:$B,A7,'Cleaned Data + Formulas'!$I:$I,C$3) | D7: =AVERAGEIFS('Cleaned Data + Formulas'!$G:$G,'Cleaned Data + Formulas'!$B:$B,A7,'Cleaned Data + Formulas'!$I:$I,D$3) | E7: =AVERAGEIFS('Cleaned Data + Formulas'!$G:$G,'Cleaned Data + Formulas'!$B:$B,A7,'Cleaned Data + Formulas'!$I:$I,E$3)
A8: Potato | B8: =AVERAGEIFS('Cleaned Data + Formulas'!$G:$G,'Cleaned Data + Formulas'!$B:$B,A8,'Cleaned Data + Formulas'!$I:$I,B$3) | C8: =AVERAGEIFS('Cleaned Data + Formulas'!$G:$G,'Cleaned Data + Formulas'!$B:$B,A8,'Cleaned Data + Formulas'!$I:$I,C$3) | D8: =AVERAGEIFS('Cleaned Data + Formulas'!$G:$G,'Cleaned Data + Formulas'!$B:$B,A8,'Cleaned Data + Formulas'!$I:$I,D$3) | E8: =AVERAGEIFS('Cleaned Data + Formulas'!$G:$G,'Cleaned Data + Formulas'!$B:$B,A8,'Cleaned Data + Formulas'!$I:$I,E$3)
A9: Rice | B9: =AVERAGEIFS('Cleaned Data + Formulas'!$G:$G,'Cleaned Data + Formulas'!$B:$B,A9,'Cleaned Data + Formulas'!$I:$I,B$3) | C9: =AVERAGEIFS('Cleaned Data + Formulas'!$G:$G,'Cleaned Data + Formulas'!$B:$B,A9,'Cleaned Data + Formulas'!$I:$I,C$3) | D9: =AVERAGEIFS('Cleaned Data + Formulas'!$G:$G,'Cleaned Data + Formulas'!$B:$B,A9,'Cleaned Data + Formulas'!$I:$I,D$3) | E9: =AVERAGEIFS('Cleaned Data + Formulas'!$G:$G,'Cleaned Data + Formulas'!$B:$B,A9,'Cleaned Data + Formulas'!$I:$I,E$3)
A10: Soybean | B10: =AVERAGEIFS('Cleaned Data + Formulas'!$G:$G,'Cleaned Data + Formulas'!$B:$B,A10,'Cleaned Data + Formulas'!$I:$I,B$3) | C10: =AVERAGEIFS('Cleaned Data + Formulas'!$G:$G,'Cleaned Data + Formulas'!$B:$B,A10,'Cleaned Data + Formulas'!$I:$I,C$3) | D10: =AVERAGEIFS('Cleaned Data + Formulas'!$G:$G,'Cleaned Data + Formulas'!$B:$B,A10,'Cleaned Data + Formulas'!$I:$I,D$3) | E10: =AVERAGEIFS('Cleaned Data + Formulas'!$G:$G,'Cleaned Data + Formulas'!$B:$B,A10,'Cleaned Data + Formulas'!$I:$I,E$3)
A11: Sugarcane | B11: =AVERAGEIFS('Cleaned Data + Formulas'!$G:$G,'Cleaned Data + Formulas'!$B:$B,A11,'Cleaned Data + Formulas'!$I:$I,B$3) | C11: =AVERAGEIFS('Cleaned Data + Formulas'!$G:$G,'Cleaned Data + Formulas'!$B:$B,A11,'Cleaned Data + Formulas'!$I:$I,C$3) | D11: =AVERAGEIFS('Cleaned Data + Formulas'!$G:$G,'Cleaned Data + Formulas'!$B:$B,A11,'Cleaned Data + Formulas'!$I:$I,D$3) | E11: =AVERAGEIFS('Cleaned Data + Formulas'!$G:$G,'Cleaned Data + Formulas'!$B:$B,A11,'Cleaned Data + Formulas'!$I:$I,E$3)
A12: Tomato | B12: =AVERAGEIFS('Cleaned Data + Formulas'!$G:$G,'Cleaned Data + Formulas'!$B:$B,A12,'Cleaned Data + Formulas'!$I:$I,B$3) | C12: =AVERAGEIFS('Cleaned Data + Formulas'!$G:$G,'Cleaned Data + Formulas'!$B:$B,A12,'Cleaned Data + Formulas'!$I:$I,C$3) | D12: =AVERAGEIFS('Cleaned Data + Formulas'!$G:$G,'Cleaned Data + Formulas'!$B:$B,A12,'Cleaned Data + Formulas'!$I:$I,D$3) | E12: =AVERAGEIFS('Cleaned Data + Formulas'!$G:$G,'Cleaned Data + Formulas'!$B:$B,A12,'Cleaned Data + Formulas'!$I:$I,E$3)
A13: Wheat | B13: =AVERAGEIFS('Cleaned Data + Formulas'!$G:$G,'Cleaned Data + Formulas'!$B:$B,A13,'Cleaned Data + Formulas'!$I:$I,B$3) | C13: =AVERAGEIFS('Cleaned Data + Formulas'!$G:$G,'Cleaned Data + Formulas'!$B:$B,A13,'Cleaned Data + Formulas'!$I:$I,C$3) | D13: =AVERAGEIFS('Cleaned Data + Formulas'!$G:$G,'Cleaned Data + Formulas'!$B:$B,A13,'Cleaned Data + Formulas'!$I:$I,D$3) | E13: =AVERAGEIFS('Cleaned Data + Formulas'!$G:$G,'Cleaned Data + Formulas'!$B:$B,A13,'Cleaned Data + Formulas'!$I:$I,E$3)

Sheet Pivot - Irrigation Type
A1: 💧 PIVOT TABLE: PERFORMANCE METRICS BY IRRIGATION TYPE
A3: Irrigation_Type | B3: Fertilizer_Used(tons) | C3: Water_Usage(cubic meters) | D3: Yield(tons)
A4: Drip | B4: =AVERAGEIF('Cleaned Data + Formulas'!$D:$D,A4,'Cleaned Data + Formulas'!E:$E) | C4: =AVERAGEIF('Cleaned Data + Formulas'!$D:$D,A4,'Cleaned Data + Formulas'!J:$J) | D4: =AVERAGEIF('Cleaned Data + Formulas'!$D:$D,A4,'Cleaned Data + Formulas'!G:$G)
A5: Flood | B5: =AVERAGEIF('Cleaned Data + Formulas'!$D:$D,A5,'Cleaned Data + Formulas'!E:$E) | C5: =AVERAGEIF('Cleaned Data + Formulas'!$D:$D,A5,'Cleaned Data + Formulas'!J:$J) | D5: =AVERAGEIF('Cleaned Data + Formulas'!$D:$D,A5,'Cleaned Data + Formulas'!G:$G)
A6: Manual | B6: =AVERAGEIF('Cleaned Data + Formulas'!$D:$D,A6,'Cleaned Data + Formulas'!E:$E) | C6: =AVERAGEIF('Cleaned Data + Formulas'!$D:$D,A6,'Cleaned Data + Formulas'!J:$J) | D6: =AVERAGEIF('Cleaned Data + Formulas'!$D:$D,A6,'Cleaned Data + Formulas'!G:$G)
A7: Rain-fed | B7: =AVERAGEIF('Cleaned Data + Formulas'!$D:$D,A7,'Cleaned Data + Formulas'!E:$E) | C7: =AVERAGEIF('Cleaned Data + Formulas'!$D:$D,A7,'Cleaned Data + Formulas'!J:$J) | D7: =AVERAGEIF('Cleaned Data + Formulas'!$D:$D,A7,'Cleaned Data + Formulas'!G:$G)
A8: Sprinkler | B8: =AVERAGEIF('Cleaned Data + Formulas'!$D:$D,A8,'Cleaned Data + Formulas'!E:$E) | C8: =AVERAGEIF('Cleaned Data + Formulas'!$D:$D,A8,'Cleaned Data + Formulas'!J:$J) | D8: =AVERAGEIF('Cleaned Data + Formulas'!$D:$D,A8,'Cleaned Data + Formulas'!G:$G)

Sheet Pivot - Soil Type
A1: 🌱 PIVOT TABLE: METRICS BY SOIL TYPE
A3: Soil_Type | B3: Yield(tons) | C3: Farm_Area(acres) | D3: Fertilizer_Used(tons)
A4: Clay | B4: =AVERAGEIF('Cleaned Data + Formulas'!$H:$H,A4,'Cleaned Data + Formulas'!G:$G) | C4: =AVERAGEIF('Cleaned Data + Formulas'!$H:$H,A4,'Cleaned Data + Formulas'!C:$C) | D4: =AVERAGEIF('Cleaned Data + Formulas'!$H:$H,A4,'Cleaned Data + Formulas'!E:$E)
A5: Loamy | B5: =AVERAGEIF('Cleaned Data + Formulas'!$H:$H,A5,'Cleaned Data + Formulas'!G:$G) | C5: =AVERAGEIF('Cleaned Data + Formulas'!$H:$H,A5,'Cleaned Data + Formulas'!C:$C) | D5: =AVERAGEIF('Cleaned Data + Formulas'!$H:$H,A5,'Cleaned Data + Formulas'!E:$E)
A6: Peaty | B6: =AVERAGEIF('Cleaned Data + Formulas'!$H:$H,A6,'Cleaned Data + Formulas'!G:$G) | C6: =AVERAGEIF('Cleaned Data + Formulas'!$H:$H,A6,'Cleaned Data + Formulas'!C:$C) | D6: =AVERAGEIF('Cleaned Data + Formulas'!$H:$H,A6,'Cleaned Data + Formulas'!E:$E)
A7: Sandy | B7: =AVERAGEIF('Cleaned Data + Formulas'!$H:$H,A7,'Cleaned Data + Formulas'!G:$G) | C7: =AVERAGEIF('Cleaned Data + Formulas'!$H:$H,A7,'Cleaned Data + Formulas'!C:$C) | D7: =AVERAGEIF('Cleaned Data + Formulas'!$H:$H,A7,'Cleaned Data + Formulas'!E:$E)
A8: Silty | B8: =AVERAGEIF('Cleaned Data + Formulas'!$H:$H,A8,'Cleaned Data + Formulas'!G:$G) | C8: =AVERAGEIF('Cleaned Data + Formulas'!$H:$H,A8,'Cleaned Data + Formulas'!C:$C) | D8: =AVERAGEIF('Cleaned Data + Formulas'!$H:$H,A8,'Cleaned Data + Formulas'!E:$E)

Sheet Formula Reference Guide
A1: 📐 FORMULA REFERENCE GUIDE - HOW CALCULATIONS WORK
A3: Metric | B3: Formula | C3: Description | D3: Example
A4: Fertilizer_per_Acre | B4: =Fertilizer_Used(tons) / Farm_Area(acres) | C4: Calculates fertilizer intensity per acre of farm | D4: 8.14 tons / 329.4 acres = 0.025 tons/acre
A5: Yield_per_Acre | B5: =Yield(tons) / Farm_Area(acres) | C5: Calculates productivity per acre of farm | D5: 14.44 tons / 329.4 acres = 0.044 tons/acre
A6: Water_per_Ton_Yield | B6: =Water_Usage(cubic meters) / Yield(tons) | C6: Calculates water efficiency ratio (lower is better) | D6: 76648.2 m³ / 14.44 tons = 5309.33 m³/ton
A7: Efficiency_Score | B7: =(Yield(tons) / Fertilizer_Used(tons)) × 10 | C7: Composite efficiency metric (0-100 scale) | D7: (14.44 / 8.14) × 10 = 17.74 score
A8: Pivot Yield by Crop×Season | B8: =AVERAGEIFS(Yield, Crop_Type, [selected crop], Season, [selected season]) | C8: Averages yield across all farms matching crop and season | D8: Average yield for Cotton in Kharif = 20.33 tons
A9: Pivot by Irrigation Type | B9: =AVERAGEIF(Irrigation_Type, [selected type], [metric column]) | C9: Averages metric (Fertilizer, Water, Yield) by irrigation method | D9: Average fertilizer for Drip irrigation = 4.52 tons
A10: Pivot by Soil Type | B10: =AVERAGEIF(Soil_Type, [selected type], [metric column]) | C10: Averages metric by soil type across all farms | D10: Average yield for Loamy soil = 28.45 tons
